verbatimScientificName,decimalLatitude,decimalLongitude,coordinateUncertaintyInMeters,year,bio_01,bio_02,bio_03,bio_04,bio_05,bio_06,bio_07,bio_10,bio_11,bio_12,bio_13,bio_14,bio_15,bio_16,bio_17,elevation
Aedes (Protomacleaya) triseriatus,25.671111,-100.308333,50.0,1994,21.28453,13.4672,48.73159,532.66241,34.59365,6.95818,27.63547,27.38129,15.34012,576.4248,151.4305,13.52749,80.84184,277.23291,45.80057,527.0
Aedes (Protomacleaya) triseriatus,25.869806,-100.289139,50.0,1994,21.68644,13.5399,47.99236,558.10767,35.18346,6.97084,28.21262,28.05713,15.44754,491.98416,118.2626,13.78136,70.48601,228.81773,48.40052,471.0
Aedes (Protomacleaya) triseriatus,25.869806,-100.289139,50.0,1994,21.68644,13.5399,47.99236,558.10767,35.18346,6.97084,28.21262,28.05713,15.44754,491.98416,118.2626,13.78136,70.48601,228.81773,48.40052,471.0
