fid,bio_01,bio_02,bio_03,bio_04,bio_05,bio_06,bio_07,bio_10,bio_11,bio_12,bio_13,bio_14,bio_15,bio_16,bio_17,elevation,X,Y
"1",27.65149,12.45161,76.43726,93.13042,35.16252,18.87255,16.28997,28.41427,26.66309,2409.89063,471.61151,4.82097,90.87933,1214.08533,38.74049,20,-92.45,14.8625
"2",23.59383,14.27445,48.24139,575.42047,38.1357,8.54607,29.58963,30.06812,16.99079,661.00232,142.70621,13.74541,67.62415,276.93268,54.13554,210,-99.264722,24.948889
