verbatimScientificName,decimalLatitude,decimalLongitude,coordinateUncertaintyInMeters,year,bio_01,bio_02,bio_03,bio_04,bio_05,bio_06,bio_07,bio_10,bio_11,bio_12,bio_13,bio_14,bio_15,bio_16,bio_17,elevation
Ochlerotatus zoosophus,24.678194,-98.634,0.0,2010,21.9174,13.67157,52.05827,476.70331,34.73407,8.47202,26.26205,27.25786,16.67636,653.88153,128.2261,18.04615,57.59543,256.68024,74.50434,532.0
Aedes (Protomacleaya) zoosophus,19.776111,-100.007222,0.0,2012,11.95087,14.17299,69.31697,163.84288,22.15226,1.70562,20.44664,13.71136,10.03736,845.0899,189.27341,8.99832,93.38829,493.12189,30.43988,2885.0
Aedes (Protomacleaya) zoosophus,21.287222,-98.946667,0.0,2004,23.2049,11.85925,54.8716,358.26431,33.68587,12.07314,21.61273,26.87697,19.02755,1533.23474,327.6503,32.96829,77.64045,774.91852,105.96432,414.5
Aedes (Protomacleaya) zoosophus,23.045278,-99.229167,70.0,2003,17.89199,13.07885,63.97687,262.86508,27.97941,7.53632,20.44309,20.63259,14.85172,764.59875,139.23689,11.53799,78.58633,400.8898,48.98615,1348.0
